stop_code,n
17264,10
15695,10
15694,10
15678,10
15676,10
15657,10
15656,10
15655,10
15652,10
15651,10
15639,10
15685,9
15680,9
15669,9
15658,9
15650,9
15647,9
15645,9
15643,9
15640,9
13161,9
15696,8
15692,8
13772,8
16501,7
16352,7
13160,7
13136,7
16526,6
16524,6
16522,6
16521,6
16516,6
16475,6
15926,6
15681,6
15675,6
15673,6
15672,6
15668,6
15659,6
15247,6
14947,6
14946,6
14821,6
14805,6
14341,6
13927,6
13793,6
13159,6
13158,6
13144,6
13124,6
17899,5
17671,5
17191,5
16937,5
16806,5
16801,5
16513,5
16371,5
16364,5
16362,5
16358,5
16357,5
16355,5
16350,5
16346,5
16345,5
16038,5
15693,5
15691,5
15687,5
15641,5
15638,5
15552,5
15418,5
15223,5
14968,5
14886,5
14884,5
14883,5
14811,5
14810,5
14803,5
14735,5
14725,5
13783,5
13476,5
13238,5
13215,5
13141,5
13089,5
17957,4
17917,4
17915,4
17914,4
17900,4
17886,4
17742,4
17563,4
17334,4
17324,4
17321,4
17217,4
17125,4
17026,4
16997,4
16996,4
16995,4
16994,4
16992,4
16955,4
16954,4
16940,4
16939,4
16938,4
16935,4
16934,4
16933,4
16932,4
16898,4
16847,4
16819,4
16800,4
16596,4
16503,4
16498,4
16497,4
16373,4
16369,4
16367,4
16366,4
16361,4
16360,4
16348,4
16119,4
16039,4
16037,4
15863,4
15795,4
15794,4
15731,4
15727,4
15690,4
15689,4
15684,4
15661,4
15621,4
15571,4
15566,4
15565,4
15551,4
15469,4
15419,4
15417,4
15244,4
15184,4
15071,4
14970,4
14969,4
14958,4
14950,4
14943,4
14940,4
14938,4
14891,4
14890,4
14889,4
14882,4
14881,4
14823,4
14120,4
14119,4
14099,4
14096,4
14095,4
14094,4
13779,4
13778,4
13696,4
13608,4
13352,4
13311,4
13218,4
13216,4
18115,3
18114,3
18039,3
18032,3
18031,3
17999,3
17996,3
17976,3
17912,3
17911,3
17910,3
17909,3
17908,3
17888,3
17842,3
17841,3
17758,3
17554,3
17520,3
17447,3
17378,3
17377,3
17304,3
17300,3
17289,3
17205,3
17099,3
17036,3
16953,3
16952,3
16951,3
16855,3
16854,3
16853,3
16852,3
16851,3
16850,3
16848,3
16846,3
16845,3
16836,3
16738,3
16736,3
16695,3
16606,3
16570,3
16523,3
16520,3
16512,3
16511,3
16365,3
16343,3
16112,3
16089,3
16066,3
16061,3
16060,3
16056,3
16055,3
16054,3
16045,3
16034,3
16027,3
16026,3
16015,3
16012,3
16010,3
15881,3
15880,3
15879,3
15877,3
15874,3
15864,3
15809,3
15808,3
15807,3
15806,3
15798,3
15797,3
15793,3
15788,3
15787,3
15786,3
15780,3
15779,3
15768,3
15767,3
15766,3
15711,3
15667,3
15665,3
15663,3
15654,3
15648,3
15646,3
15644,3
15642,3
15626,3
15620,3
15614,3
15613,3
15605,3
15586,3
15572,3
15558,3
15557,3
15553,3
15545,3
15541,3
15540,3
15536,3
15535,3
15468,3
15465,3
15464,3
15459,3
15458,3
15336,3
15285,3
15284,3
15275,3
15274,3
15273,3
15272,3
15253,3
15245,3
15243,3
15242,3
15236,3
15235,3
15225,3
15224,3
15220,3
15219,3
15216,3
15215,3
15214,3
15213,3
15212,3
15211,3
15210,3
15209,3
15208,3
15207,3
15206,3
15205,3
15204,3
15203,3
15202,3
15201,3
15200,3
15199,3
15198,3
15197,3
15196,3
15195,3
15194,3
15193,3
15138,3
15124,3
15118,3
15051,3
15045,3
14961,3
14960,3
14957,3
14952,3
14951,3
14937,3
14900,3
14894,3
14888,3
14878,3
14844,3
14843,3
14839,3
14838,3
14827,3
14826,3
14822,3
14820,3
14819,3
14818,3
14817,3
14799,3
14798,3
14796,3
14795,3
14726,3
14547,3
14531,3
14530,3
14511,3
14510,3
14509,3
14508,3
14389,3
14388,3
14387,3
14386,3
14236,3
14224,3
14091,3
14015,3
14006,3
13915,3
13914,3
13913,3
13912,3
13911,3
13725,3
13724,3
13723,3
13628,3
13603,3
13602,3
13601,3
13600,3
13599,3
13555,3
13538,3
13537,3
13408,3
13356,3
13299,3
13296,3
13295,3
13293,3
13282,3
13281,3
13244,3
13239,3
13217,3
13214,3
13188,3
13143,3
13135,3
13134,3
13129,3
13127,3
13123,3
13114,3
13104,3
13103,3
10390,3
18110,2
18105,2
18104,2
18103,2
18102,2
18101,2
18100,2
18099,2
18098,2
18097,2
18096,2
18095,2
18094,2
18093,2
18092,2
18091,2
18090,2
18089,2
18088,2
18062,2
18059,2
18055,2
18052,2
18051,2
17992,2
17961,2
17954,2
17953,2
17948,2
17945,2
17925,2
17916,2
17887,2
17854,2
17844,2
17833,2
17820,2
17804,2
17800,2
17787,2
17778,2
17772,2
17770,2
17769,2
17765,2
17762,2
17761,2
17757,2
17744,2
17730,2
17729,2
17728,2
17727,2
17721,2
17720,2
17719,2
17688,2
17687,2
17677,2
17638,2
17635,2
17606,2
17568,2
17558,2
17538,2
17522,2
17499,2
17476,2
17448,2
17405,2
17383,2
17382,2
17381,2
17376,2
17366,2
17320,2
17312,2
17307,2
17301,2
17298,2
17297,2
17283,2
17282,2
17281,2
17227,2
17208,2
17204,2
17187,2
17171,2
17145,2
17142,2
17127,2
17109,2
17077,2
17073,2
17058,2
17057,2
17038,2
17027,2
17011,2
17008,2
17007,2
16998,2
16993,2
16991,2
16962,2
16927,2
16882,2
16835,2
16754,2
16751,2
16750,2
16744,2
16740,2
16739,2
16737,2
16641,2
16640,2
16638,2
16637,2
16636,2
16635,2
16634,2
16633,2
16632,2
16629,2
16628,2
16627,2
16626,2
16623,2
16622,2
16620,2
16619,2
16617,2
16616,2
16615,2
16584,2
16583,2
16576,2
16575,2
16574,2
16571,2
16569,2
16568,2
16567,2
16566,2
16565,2
16563,2
16549,2
16548,2
16542,2
16541,2
16534,2
16533,2
16509,2
16453,2
16451,2
16450,2
16449,2
16448,2
16447,2
16446,2
16442,2
16434,2
16394,2
16393,2
16389,2
16388,2
16387,2
16386,2
16385,2
16384,2
16383,2
16382,2
16372,2
16344,2
16340,2
16339,2
16294,2
16293,2
16260,2
16229,2
16228,2
16212,2
16200,2
16199,2
16198,2
16182,2
16181,2
16153,2
16152,2
16151,2
16150,2
16149,2
16148,2
16147,2
16146,2
16145,2
16144,2
16143,2
16142,2
16141,2
16140,2
16139,2
16129,2
16122,2
16121,2
16118,2
16111,2
16109,2
16098,2
16086,2
16076,2
16075,2
16074,2
16073,2
16072,2
16071,2
16070,2
16069,2
16068,2
16067,2
16064,2
16063,2
16059,2
16058,2
16057,2
16052,2
16051,2
16050,2
16049,2
16048,2
16047,2
16043,2
16040,2
16013,2
16009,2
16008,2
16007,2
15953,2
15952,2
15951,2
15950,2
15949,2
15948,2
15947,2
15946,2
15921,2
15914,2
15898,2
15897,2
15896,2
15895,2
15894,2
15893,2
15892,2
15891,2
15890,2
15889,2
15887,2
15885,2
15884,2
15883,2
15882,2
15878,2
15876,2
15875,2
15872,2
15869,2
15867,2
15859,2
15836,2
15828,2
15818,2
15817,2
15810,2
15805,2
15804,2
15800,2
15792,2
15791,2
15790,2
15783,2
15782,2
15781,2
15730,2
15728,2
15726,2
15688,2
15686,2
15683,2
15674,2
15662,2
15633,2
15631,2
15625,2
15624,2
15619,2
15616,2
15610,2
15603,2
15602,2
15601,2
15597,2
15596,2
15594,2
15593,2
15592,2
15590,2
15588,2
15585,2
15584,2
15583,2
15580,2
15579,2
15578,2
15577,2
15574,2
15573,2
15568,2
15567,2
15562,2
15561,2
15554,2
15548,2
15547,2
15546,2
15544,2
15534,2
15533,2
15532,2
15531,2
15530,2
15529,2
15528,2
15511,2
15504,2
15503,2
15501,2
15500,2
15472,2
15471,2
15470,2
15462,2
15456,2
15455,2
15454,2
15453,2
15452,2
15451,2
15450,2
15445,2
15444,2
15440,2
15439,2
15437,2
15435,2
15434,2
15433,2
15432,2
15429,2
15428,2
15427,2
15426,2
15425,2
15424,2
15423,2
15422,2
15420,2
15405,2
15404,2
15396,2
15392,2
15391,2
15390,2
15389,2
15354,2
15353,2
15352,2
15351,2
15344,2
15343,2
15340,2
15339,2
15335,2
15334,2
15331,2
15330,2
15311,2
15310,2
15309,2
15281,2
15280,2
15237,2
15234,2
15229,2
15228,2
15227,2
15221,2
15192,2
15191,2
15190,2
15189,2
15175,2
15174,2
15173,2
15167,2
15166,2
15165,2
15156,2
15141,2
15050,2
15049,2
15048,2
15047,2
15046,2
15044,2
15041,2
15020,2
15018,2
15017,2
14973,2
14963,2
14962,2
14955,2
14954,2
14953,2
14942,2
14941,2
14899,2
14895,2
14873,2
14854,2
14853,2
14852,2
14842,2
14824,2
14809,2
14808,2
14782,2
14781,2
14776,2
14773,2
14768,2
14766,2
14758,2
14757,2
14756,2
14755,2
14753,2
14751,2
14749,2
14748,2
14747,2
14746,2
14742,2
14737,2
14736,2
14734,2
14733,2
14732,2
14729,2
14727,2
14681,2
14680,2
14668,2
14667,2
14666,2
14665,2
14664,2
14663,2
14662,2
14648,2
14624,2
14603,2
14576,2
14575,2
14568,2
14564,2
14558,2
14555,2
14553,2
14552,2
14551,2
14550,2
14534,2
14532,2
14529,2
14518,2
14517,2
14516,2
14515,2
14513,2
14506,2
14504,2
14503,2
14502,2
14501,2
14490,2
14482,2
14448,2
14447,2
14436,2
14435,2
14430,2
14424,2
14418,2
14415,2
14411,2
14407,2
14373,2
14371,2
14360,2
14334,2
14328,2
14327,2
14318,2
14316,2
14315,2
14305,2
14304,2
14303,2
14302,2
14301,2
14295,2
14294,2
14293,2
14288,2
14286,2
14285,2
14283,2
14282,2
14281,2
14280,2
14279,2
14278,2
14277,2
14275,2
14270,2
14269,2
14266,2
14265,2
14258,2
14257,2
14234,2
14233,2
14232,2
14231,2
14230,2
14229,2
14228,2
14223,2
14222,2
14221,2
14218,2
14215,2
14213,2
14212,2
14211,2
14202,2
14159,2
14158,2
14148,2
14118,2
14116,2
14115,2
14114,2
14111,2
14108,2
14107,2
14106,2
14105,2
14103,2
14101,2
14100,2
14092,2
14087,2
14072,2
14069,2
14028,2
14017,2
14005,2
13984,2
13977,2
13976,2
13973,2
13972,2
13971,2
13970,2
13969,2
13967,2
13936,2
13931,2
13925,2
13924,2
13892,2
13860,2
13852,2
13792,2
13789,2
13788,2
13781,2
13775,2
13773,2
13771,2
13768,2
13706,2
13695,2
13692,2
13662,2
13641,2
13619,2
13612,2
13593,2
13573,2
13572,2
13571,2
13570,2
13568,2
13567,2
13559,2
13554,2
13551,2
13540,2
13524,2
13522,2
13517,2
13516,2
13513,2
13511,2
13505,2
13483,2
13469,2
13462,2
13452,2
13439,2
13437,2
13436,2
13435,2
13411,2
13410,2
13402,2
13399,2
13398,2
13395,2
13394,2
13391,2
13390,2
13389,2
13388,2
13384,2
13383,2
13380,2
13379,2
13375,2
13374,2
13371,2
13369,2
13368,2
13365,2
13364,2
13360,2
13359,2
13355,2
13354,2
13291,2
13266,2
13247,2
13245,2
13243,2
13241,2
13240,2
13235,2
13209,2
13208,2
13205,2
13195,2
13194,2
13192,2
13189,2
13153,2
13150,2
13149,2
13146,2
13145,2
13116,2
13115,2
13113,2
13108,2
13107,2
13095,2
13093,2
13092,2
13066,2
13065,2
13064,2
13063,2
13062,2
13061,2
13060,2
13059,2
13031,2
13016,2
10913,2
18113,1
18112,1
18111,1
18109,1
18085,1
18081,1
18080,1
18070,1
18067,1
18066,1
18064,1
18061,1
18058,1
18057,1
18056,1
18054,1
18053,1
18050,1
18049,1
18048,1
18047,1
18046,1
18045,1
18035,1
18034,1
18033,1
18028,1
18027,1
18025,1
18024,1
18023,1
18021,1
18020,1
18019,1
18018,1
18017,1
18015,1
18014,1
18013,1
18012,1
18003,1
18002,1
17995,1
17994,1
17993,1
17985,1
17984,1
17983,1
17982,1
17981,1
17980,1
17979,1
17977,1
17960,1
17951,1
17949,1
17926,1
17885,1
17884,1
17870,1
17868,1
17867,1
17866,1
17865,1
17863,1
17862,1
17860,1
17857,1
17856,1
17853,1
17852,1
17851,1
17849,1
17843,1
17815,1
17808,1
17807,1
17806,1
17805,1
17801,1
17798,1
17797,1
17796,1
17793,1
17792,1
17790,1
17789,1
17788,1
17783,1
17768,1
17767,1
17766,1
17764,1
17763,1
17760,1
17756,1
17751,1
17750,1
17747,1
17746,1
17737,1
17733,1
17732,1
17689,1
17685,1
17636,1
17632,1
17626,1
17624,1
17622,1
17592,1
17577,1
17573,1
17572,1
17561,1
17557,1
17556,1
17552,1
17551,1
17544,1
17539,1
17532,1
17528,1
17527,1
17526,1
17525,1
17524,1
17523,1
17473,1
17449,1
17444,1
17431,1
17428,1
17425,1
17423,1
17404,1
17403,1
17402,1
17401,1
17400,1
17399,1
17398,1
17397,1
17396,1
17395,1
17394,1
17393,1
17392,1
17391,1
17390,1
17365,1
17364,1
17363,1
17362,1
17361,1
17360,1
17359,1
17358,1
17357,1
17356,1
17355,1
17354,1
17353,1
17352,1
17347,1
17346,1
17345,1
17344,1
17343,1
17342,1
17335,1
17333,1
17332,1
17331,1
17330,1
17329,1
17328,1
17326,1
17325,1
17318,1
17313,1
17310,1
17308,1
17306,1
17299,1
17295,1
17294,1
17290,1
17288,1
17287,1
17286,1
17285,1
17263,1
17253,1
17252,1
17251,1
17249,1
17248,1
17236,1
17235,1
17231,1
17230,1
17229,1
17228,1
17220,1
17219,1
17213,1
17211,1
17209,1
17196,1
17195,1
17194,1
17193,1
17186,1
17185,1
17181,1
17166,1
17164,1
17160,1
17154,1
17151,1
17149,1
17129,1
17128,1
17114,1
17113,1
17111,1
17078,1
17075,1
17074,1
17065,1
17061,1
17056,1
17046,1
17044,1
17041,1
17039,1
17032,1
17028,1
17025,1
17024,1
17023,1
17020,1
17012,1
17010,1
17009,1
17006,1
16999,1
16990,1
16989,1
16988,1
16987,1
16986,1
16985,1
16984,1
16983,1
16982,1
16981,1
16980,1
16979,1
16978,1
16972,1
16971,1
16970,1
16969,1
16968,1
16964,1
16961,1
16950,1
16949,1
16946,1
16945,1
16944,1
16942,1
16931,1
16929,1
16925,1
16924,1
16922,1
16921,1
16920,1
16914,1
16913,1
16912,1
16911,1
16910,1
16909,1
16908,1
16907,1
16904,1
16899,1
16896,1
16886,1
16881,1
16879,1
16844,1
16842,1
16841,1
16840,1
16839,1
16837,1
16820,1
16797,1
16796,1
16793,1
16792,1
16789,1
16788,1
16787,1
16786,1
16785,1
16783,1
16782,1
16780,1
16779,1
16778,1
16777,1
16776,1
16775,1
16774,1
16773,1
16771,1
16770,1
16769,1
16768,1
16767,1
16766,1
16765,1
16764,1
16763,1
16762,1
16761,1
16760,1
16759,1
16758,1
16757,1
16756,1
16755,1
16753,1
16752,1
16748,1
16746,1
16745,1
16735,1
16733,1
16732,1
16731,1
16730,1
16729,1
16728,1
16727,1
16725,1
16724,1
16723,1
16722,1
16721,1
16720,1
16719,1
16718,1
16717,1
16716,1
16715,1
16714,1
16713,1
16712,1
16711,1
16710,1
16709,1
16705,1
16704,1
16703,1
16702,1
16681,1
16680,1
16679,1
16678,1
16677,1
16676,1
16675,1
16673,1
16672,1
16671,1
16670,1
16669,1
16668,1
16667,1
16666,1
16665,1
16664,1
16663,1
16662,1
16661,1
16660,1
16659,1
16658,1
16656,1
16655,1
16654,1
16653,1
16652,1
16651,1
16646,1
16645,1
16644,1
16642,1
16613,1
16612,1
16611,1
16610,1
16609,1
16608,1
16607,1
16605,1
16604,1
16603,1
16602,1
16601,1
16600,1
16599,1
16598,1
16597,1
16595,1
16594,1
16593,1
16592,1
16591,1
16590,1
16589,1
16588,1
16587,1
16586,1
16585,1
16582,1
16580,1
16573,1
16564,1
16562,1
16561,1
16560,1
16559,1
16558,1
16557,1
16556,1
16555,1
16554,1
16553,1
16550,1
16547,1
16546,1
16545,1
16544,1
16543,1
16540,1
16539,1
16538,1
16537,1
16536,1
16535,1
16532,1
16531,1
16530,1
16529,1
16528,1
16527,1
16525,1
16519,1
16518,1
16517,1
16515,1
16508,1
16507,1
16506,1
16505,1
16504,1
16493,1
16492,1
16491,1
16490,1
16489,1
16488,1
16487,1
16486,1
16485,1
16484,1
16483,1
16482,1
16481,1
16480,1
16479,1
16478,1
16472,1
16471,1
16470,1
16469,1
16468,1
16467,1
16465,1
16464,1
16463,1
16462,1
16461,1
16460,1
16459,1
16458,1
16457,1
16456,1
16455,1
16454,1
16445,1
16444,1
16443,1
16441,1
16440,1
16439,1
16438,1
16437,1
16436,1
16435,1
16433,1
16432,1
16431,1
16429,1
16428,1
16427,1
16426,1
16425,1
16424,1
16422,1
16421,1
16420,1
16419,1
16418,1
16417,1
16416,1
16415,1
16414,1
16413,1
16412,1
16411,1
16410,1
16408,1
16407,1
16406,1
16405,1
16404,1
16402,1
16401,1
16400,1
16399,1
16398,1
16397,1
16396,1
16395,1
16375,1
16374,1
16363,1
16337,1
16333,1
16324,1
16323,1
16322,1
16321,1
16320,1
16319,1
16317,1
16316,1
16315,1
16314,1
16312,1
16311,1
16310,1
16309,1
16307,1
16306,1
16305,1
16304,1
16303,1
16302,1
16301,1
16300,1
16299,1
16298,1
16297,1
16296,1
16295,1
16292,1
16291,1
16290,1
16288,1
16287,1
16285,1
16284,1
16280,1
16277,1
16275,1
16274,1
16269,1
16268,1
16266,1
16265,1
16262,1
16259,1
16257,1
16254,1
16253,1
16252,1
16251,1
16250,1
16249,1
16248,1
16247,1
16246,1
16245,1
16243,1
16241,1
16240,1
16239,1
16238,1
16237,1
16236,1
16235,1
16234,1
16233,1
16232,1
16231,1
16230,1
16224,1
16223,1
16222,1
16221,1
16220,1
16219,1
16218,1
16217,1
16216,1
16215,1
16214,1
16213,1
16211,1
16210,1
16209,1
16208,1
16204,1
16203,1
16202,1
16201,1
16197,1
16196,1
16195,1
16193,1
16192,1
16191,1
16190,1
16189,1
16188,1
16187,1
16186,1
16185,1
16184,1
16177,1
16175,1
16174,1
16173,1
16172,1
16171,1
16170,1
16169,1
16168,1
16167,1
16166,1
16165,1
16163,1
16162,1
16161,1
16160,1
16159,1
16158,1
16157,1
16156,1
16155,1
16154,1
16137,1
16136,1
16135,1
16127,1
16126,1
16125,1
16124,1
16123,1
16120,1
16117,1
16116,1
16115,1
16114,1
16113,1
16107,1
16106,1
16104,1
16099,1
16095,1
16094,1
16093,1
16092,1
16091,1
16090,1
16088,1
16087,1
16085,1
16084,1
16083,1
16082,1
16081,1
16080,1
16065,1
16046,1
16024,1
16023,1
16022,1
16021,1
16020,1
16019,1
16018,1
16017,1
16016,1
16014,1
16011,1
16006,1
16004,1
16003,1
16002,1
16000,1
15999,1
15997,1
15996,1
15995,1
15993,1
15992,1
15991,1
15990,1
15988,1
15987,1
15984,1
15983,1
15982,1
15981,1
15980,1
15979,1
15978,1
15977,1
15976,1
15975,1
15974,1
15973,1
15972,1
15971,1
15968,1
15967,1
15966,1
15965,1
15964,1
15963,1
15962,1
15961,1
15960,1
15958,1
15955,1
15954,1
15940,1
15933,1
15932,1
15931,1
15930,1
15929,1
15928,1
15925,1
15924,1
15923,1
15922,1
15920,1
15919,1
15918,1
15917,1
15916,1
15915,1
15913,1
15912,1
15911,1
15910,1
15909,1
15908,1
15907,1
15906,1
15905,1
15904,1
15903,1
15902,1
15901,1
15900,1
15899,1
15873,1
15871,1
15870,1
15868,1
15866,1
15865,1
15857,1
15856,1
15854,1
15853,1
15852,1
15851,1
15850,1
15849,1
15848,1
15847,1
15846,1
15845,1
15844,1
15843,1
15842,1
15841,1
15840,1
15839,1
15838,1
15837,1
15835,1
15834,1
15833,1
15832,1
15831,1
15830,1
15829,1
15827,1
15826,1
15825,1
15824,1
15823,1
15822,1
15821,1
15820,1
15814,1
15813,1
15801,1
15796,1
15785,1
15784,1
15777,1
15776,1
15775,1
15774,1
15770,1
15769,1
15765,1
15764,1
15763,1
15762,1
15761,1
15759,1
15758,1
15757,1
15756,1
15755,1
15754,1
15753,1
15752,1
15751,1
15748,1
15747,1
15746,1
15745,1
15744,1
15742,1
15741,1
15739,1
15738,1
15737,1
15736,1
15735,1
15734,1
15733,1
15732,1
15719,1
15718,1
15717,1
15716,1
15715,1
15714,1
15713,1
15712,1
15710,1
15709,1
15706,1
15705,1
15704,1
15703,1
15702,1
15700,1
15699,1
15698,1
15697,1
15682,1
15671,1
15653,1
15649,1
15634,1
15632,1
15630,1
15628,1
15627,1
15623,1
15615,1
15609,1
15608,1
15604,1
15600,1
15599,1
15598,1
15595,1
15589,1
15575,1
15543,1
15542,1
15539,1
15538,1
15537,1
15519,1
15518,1
15517,1
15516,1
15515,1
15514,1
15513,1
15510,1
15509,1
15508,1
15507,1
15505,1
15491,1
15490,1
15489,1
15488,1
15487,1
15486,1
15485,1
15483,1
15482,1
15480,1
15477,1
15476,1
15475,1
15474,1
15467,1
15466,1
15461,1
15460,1
15447,1
15446,1
15443,1
15442,1
15441,1
15438,1
15436,1
15431,1
15430,1
15401,1
15400,1
15399,1
15398,1
15397,1
15395,1
15394,1
15393,1
15385,1
15384,1
15372,1
15371,1
15370,1
15369,1
15368,1
15367,1
15366,1
15365,1
15364,1
15363,1
15362,1
15361,1
15360,1
15359,1
15358,1
15356,1
15355,1
15350,1
15349,1
15348,1
15347,1
15342,1
15341,1
15338,1
15337,1
15329,1
15328,1
15327,1
15326,1
15325,1
15324,1
15323,1
15321,1
15320,1
15319,1
15318,1
15317,1
15316,1
15315,1
15314,1
15313,1
15312,1
15307,1
15306,1
15305,1
15304,1
15301,1
15300,1
15297,1
15296,1
15295,1
15294,1
15293,1
15292,1
15291,1
15290,1
15289,1
15288,1
15286,1
15283,1
15282,1
15279,1
15278,1
15277,1
15276,1
15269,1
15263,1
15261,1
15260,1
15258,1
15257,1
15256,1
15255,1
15254,1
15250,1
15249,1
15240,1
15239,1
15233,1
15232,1
15187,1
15186,1
15185,1
15172,1
15171,1
15170,1
15164,1
15163,1
15162,1
15161,1
15160,1
15158,1
15154,1
15152,1
15151,1
15150,1
15147,1
15145,1
15140,1
15139,1
15136,1
15135,1
15134,1
15132,1
15131,1
15130,1
15129,1
15126,1
15125,1
15116,1
15115,1
15114,1
15113,1
15112,1
15111,1
15110,1
15108,1
15107,1
15106,1
15104,1
15103,1
15102,1
15101,1
15100,1
15099,1
15098,1
15097,1
15096,1
15095,1
15094,1
15093,1
15092,1
15091,1
15090,1
15089,1
15088,1
15087,1
15084,1
15083,1
15082,1
15081,1
15080,1
15079,1
15078,1
15077,1
15076,1
15075,1
15074,1
15073,1
15072,1
15070,1
15069,1
15068,1
15067,1
15066,1
15065,1
15064,1
15063,1
15062,1
15061,1
15060,1
15059,1
15043,1
15042,1
15040,1
15039,1
15038,1
15037,1
15036,1
15034,1
15032,1
15031,1
15030,1
15029,1
15015,1
15014,1
15013,1
15012,1
15011,1
15009,1
15007,1
15004,1
15003,1
15002,1
15001,1
15000,1
14998,1
14997,1
14996,1
14994,1
14993,1
14992,1
14991,1
14988,1
14987,1
14986,1
14985,1
14984,1
14983,1
14980,1
14979,1
14976,1
14972,1
14971,1
14967,1
14966,1
14964,1
14936,1
14935,1
14934,1
14924,1
14923,1
14921,1
14920,1
14915,1
14913,1
14912,1
14911,1
14910,1
14908,1
14905,1
14903,1
14877,1
14876,1
14874,1
14871,1
14870,1
14869,1
14868,1
14867,1
14866,1
14865,1
14864,1
14863,1
14862,1
14861,1
14860,1
14859,1
14858,1
14857,1
14856,1
14855,1
14851,1
14850,1
14848,1
14847,1
14846,1
14845,1
14840,1
14837,1
14836,1
14833,1
14829,1
14828,1
14792,1
14788,1
14787,1
14786,1
14785,1
14784,1
14783,1
14780,1
14779,1
14772,1
14771,1
14769,1
14767,1
14765,1
14764,1
14763,1
14762,1
14761,1
14760,1
14731,1
14730,1
14720,1
14719,1
14718,1
14717,1
14716,1
14715,1
14714,1
14712,1
14710,1
14709,1
14707,1
14706,1
14705,1
14704,1
14703,1
14702,1
14701,1
14700,1
14699,1
14698,1
14697,1
14696,1
14695,1
14690,1
14689,1
14688,1
14687,1
14686,1
14677,1
14676,1
14675,1
14672,1
14671,1
14669,1
14661,1
14660,1
14659,1
14658,1
14657,1
14655,1
14654,1
14652,1
14651,1
14650,1
14649,1
14647,1
14646,1
14645,1
14643,1
14642,1
14641,1
14640,1
14638,1
14637,1
14636,1
14635,1
14634,1
14633,1
14632,1
14631,1
14630,1
14629,1
14628,1
14627,1
14626,1
14625,1
14623,1
14622,1
14621,1
14620,1
14618,1
14617,1
14616,1
14615,1
14614,1
14613,1
14612,1
14611,1
14610,1
14609,1
14608,1
14607,1
14606,1
14605,1
14604,1
14596,1
14593,1
14590,1
14589,1
14588,1
14587,1
14584,1
14583,1
14582,1
14581,1
14579,1
14574,1
14573,1
14572,1
14571,1
14567,1
14566,1
14565,1
14562,1
14561,1
14560,1
14559,1
14557,1
14556,1
14549,1
14548,1
14546,1
14545,1
14544,1
14543,1
14540,1
14539,1
14538,1
14537,1
14536,1
14535,1
14520,1
14495,1
14494,1
14493,1
14492,1
14491,1
14489,1
14488,1
14487,1
14486,1
14485,1
14484,1
14483,1
14481,1
14480,1
14479,1
14478,1
14477,1
14476,1
14475,1
14474,1
14473,1
14472,1
14456,1
14455,1
14454,1
14453,1
14451,1
14445,1
14444,1
14443,1
14440,1
14439,1
14438,1
14437,1
14434,1
14433,1
14432,1
14431,1
14429,1
14428,1
14427,1
14426,1
14425,1
14423,1
14422,1
14421,1
14414,1
14413,1
14412,1
14410,1
14409,1
14408,1
14405,1
14404,1
14403,1
14402,1
14401,1
14400,1
14399,1
14398,1
14397,1
14395,1
14394,1
14393,1
14392,1
14391,1
14390,1
14385,1
14384,1
14383,1
14382,1
14381,1
14380,1
14379,1
14378,1
14377,1
14376,1
14375,1
14374,1
14372,1
14369,1
14368,1
14367,1
14366,1
14364,1
14363,1
14362,1
14361,1
14359,1
14358,1
14357,1
14356,1
14355,1
14354,1
14353,1
14352,1
14351,1
14350,1
14338,1
14337,1
14336,1
14335,1
14333,1
14332,1
14331,1
14330,1
14329,1
14326,1
14325,1
14324,1
14323,1
14322,1
14321,1
14320,1
14319,1
14317,1
14314,1
14313,1
14312,1
14311,1
14310,1
14309,1
14308,1
14307,1
14300,1
14298,1
14292,1
14291,1
14290,1
14289,1
14274,1
14273,1
14272,1
14271,1
14268,1
14267,1
14264,1
14263,1
14262,1
14261,1
14260,1
14259,1
14256,1
14255,1
14254,1
14253,1
14248,1
14247,1
14246,1
14245,1
14238,1
14235,1
14227,1
14226,1
14225,1
14210,1
14209,1
14207,1
14205,1
14204,1
14203,1
14201,1
14200,1
14199,1
14198,1
14197,1
14196,1
14195,1
14192,1
14191,1
14190,1
14189,1
14188,1
14187,1
14186,1
14185,1
14184,1
14183,1
14182,1
14181,1
14180,1
14179,1
14178,1
14177,1
14176,1
14175,1
14174,1
14173,1
14172,1
14171,1
14170,1
14169,1
14168,1
14167,1
14166,1
14165,1
14164,1
14163,1
14162,1
14161,1
14160,1
14157,1
14156,1
14155,1
14154,1
14153,1
14152,1
14151,1
14150,1
14149,1
14147,1
14146,1
14145,1
14143,1
14142,1
14139,1
14138,1
14137,1
14132,1
14131,1
14130,1
14129,1
14128,1
14127,1
14126,1
14125,1
14124,1
14123,1
14122,1
14113,1
14104,1
14098,1
14097,1
14093,1
14090,1
14089,1
14088,1
14082,1
14081,1
14080,1
14079,1
14078,1
14077,1
14076,1
14075,1
14074,1
14073,1
14071,1
14070,1
14037,1
14035,1
14033,1
14032,1
14031,1
14030,1
14029,1
14027,1
14026,1
14025,1
14024,1
14023,1
14022,1
14021,1
14020,1
14019,1
14018,1
14016,1
14004,1
14003,1
14002,1
14000,1
13999,1
13998,1
13997,1
13996,1
13995,1
13994,1
13987,1
13985,1
13981,1
13979,1
13978,1
13975,1
13974,1
13968,1
13966,1
13965,1
13964,1
13963,1
13962,1
13961,1
13960,1
13959,1
13958,1
13957,1
13953,1
13952,1
13948,1
13947,1
13942,1
13941,1
13940,1
13935,1
13934,1
13932,1
13930,1
13922,1
13921,1
13920,1
13909,1
13902,1
13901,1
13900,1
13899,1
13897,1
13896,1
13895,1
13894,1
13893,1
13891,1
13890,1
13889,1
13888,1
13887,1
13886,1
13885,1
13884,1
13883,1
13882,1
13881,1
13880,1
13878,1
13877,1
13876,1
13875,1
13874,1
13873,1
13872,1
13871,1
13870,1
13869,1
13868,1
13867,1
13866,1
13865,1
13864,1
13863,1
13859,1
13858,1
13857,1
13855,1
13853,1
13849,1
13848,1
13847,1
13846,1
13845,1
13844,1
13843,1
13842,1
13841,1
13840,1
13839,1
13838,1
13837,1
13836,1
13835,1
13834,1
13833,1
13832,1
13831,1
13830,1
13828,1
13827,1
13825,1
13824,1
13823,1
13822,1
13820,1
13819,1
13818,1
13814,1
13812,1
13803,1
13802,1
13801,1
13800,1
13799,1
13798,1
13797,1
13794,1
13767,1
13766,1
13765,1
13764,1
13763,1
13762,1
13761,1
13760,1
13759,1
13758,1
13756,1
13751,1
13750,1
13749,1
13748,1
13747,1
13746,1
13745,1
13744,1
13743,1
13742,1
13741,1
13740,1
13739,1
13738,1
13737,1
13736,1
13735,1
13734,1
13733,1
13732,1
13731,1
13730,1
13722,1
13721,1
13719,1
13718,1
13717,1
13716,1
13715,1
13713,1
13712,1
13710,1
13709,1
13708,1
13705,1
13704,1
13703,1
13702,1
13701,1
13700,1
13699,1
13698,1
13697,1
13694,1
13693,1
13691,1
13690,1
13689,1
13688,1
13687,1
13686,1
13685,1
13682,1
13681,1
13680,1
13670,1
13666,1
13665,1
13664,1
13663,1
13661,1
13659,1
13657,1
13656,1
13651,1
13650,1
13649,1
13648,1
13647,1
13645,1
13644,1
13643,1
13642,1
13631,1
13630,1
13622,1
13621,1
13618,1
13617,1
13616,1
13615,1
13614,1
13613,1
13606,1
13604,1
13598,1
13597,1
13596,1
13595,1
13594,1
13592,1
13591,1
13590,1
13589,1
13588,1
13587,1
13586,1
13585,1
13584,1
13583,1
13582,1
13581,1
13580,1
13579,1
13578,1
13577,1
13576,1
13575,1
13574,1
13566,1
13565,1
13564,1
13563,1
13562,1
13561,1
13560,1
13558,1
13556,1
13553,1
13552,1
13550,1
13549,1
13548,1
13547,1
13546,1
13544,1
13543,1
13542,1
13541,1
13536,1
13535,1
13534,1
13533,1
13532,1
13531,1
13530,1
13529,1
13528,1
13527,1
13526,1
13525,1
13523,1
13521,1
13520,1
13519,1
13514,1
13512,1
13507,1
13504,1
13503,1
13502,1
13501,1
13500,1
13499,1
13498,1
13497,1
13496,1
13495,1
13492,1
13491,1
13490,1
13489,1
13486,1
13485,1
13484,1
13482,1
13481,1
13480,1
13478,1
13477,1
13475,1
13474,1
13473,1
13472,1
13471,1
13470,1
13468,1
13467,1
13466,1
13465,1
13463,1
13461,1
13460,1
13459,1
13458,1
13456,1
13455,1
13454,1
13453,1
13450,1
13447,1
13446,1
13445,1
13444,1
13443,1
13442,1
13441,1
13432,1
13431,1
13430,1
13429,1
13428,1
13427,1
13426,1
13425,1
13424,1
13415,1
13414,1
13409,1
13406,1
13405,1
13404,1
13403,1
13387,1
13385,1
13376,1
13363,1
13362,1
13361,1
13358,1
13357,1
13349,1
13348,1
13345,1
13344,1
13341,1
13340,1
13339,1
13338,1
13336,1
13335,1
13334,1
13333,1
13332,1
13331,1
13330,1
13329,1
13328,1
13327,1
13326,1
13325,1
13323,1
13322,1
13318,1
13314,1
13310,1
13309,1
13307,1
13306,1
13305,1
13304,1
13301,1
13300,1
13292,1
13285,1
13284,1
13283,1
13280,1
13279,1
13278,1
13277,1
13276,1
13275,1
13273,1
13272,1
13270,1
13267,1
13265,1
13264,1
13263,1
13262,1
13261,1
13260,1
13259,1
13258,1
13257,1
13256,1
13255,1
13254,1
13253,1
13252,1
13251,1
13250,1
13249,1
13248,1
13234,1
13233,1
13232,1
13231,1
13230,1
13229,1
13226,1
13225,1
13224,1
13223,1
13222,1
13221,1
13220,1
13219,1
13213,1
13211,1
13206,1
13204,1
13203,1
13202,1
13201,1
13196,1
13193,1
13191,1
13185,1
13184,1
13183,1
13181,1
13180,1
13178,1
13177,1
13164,1
13156,1
13096,1
13087,1
13086,1
13085,1
13084,1
13082,1
13077,1
13076,1
13075,1
13074,1
13072,1
13071,1
13070,1
13067,1
13058,1
13057,1
13056,1
13055,1
13054,1
13053,1
13052,1
13051,1
13050,1
13049,1
13048,1
13047,1
13046,1
13045,1
13044,1
13043,1
13041,1
13040,1
13039,1
13038,1
13037,1
13036,1
13035,1
13034,1
13033,1
13032,1
13024,1
13023,1
13021,1
13020,1
13019,1
13018,1
